,df1,df2,match
0,eafc_5850,tm_5057,True
1,eafc_7836,tm_5278,True
2,eafc_4948,tm_6499,True
3,eafc_2330,tm_6631,True
4,eafc_7074,tm_5343,True
5,eafc_7343,tm_9408,True
6,eafc_2744,tm_5374,True
7,eafc_11080,tm_5404,True
8,eafc_8420,tm_6766,True
9,eafc_3935,tm_3763,True
10,eafc_1651,tm_5001,True
11,eafc_4316,tm_6689,True
12,eafc_3507,tm_5063,True
13,eafc_3236,tm_9516,True
14,eafc_9145,tm_5022,True
15,eafc_2183,tm_5138,True
16,eafc_2953,tm_3767,True
17,eafc_7639,tm_5925,True
18,eafc_11281,tm_3097,True
19,eafc_5040,tm_7214,True
20,eafc_1169,tm_5375,True
21,eafc_7369,tm_6230,True
22,eafc_3085,tm_6915,True
23,eafc_1000,tm_5199,True
24,eafc_2155,tm_2214,True
25,eafc_4002,tm_9339,True
26,eafc_5368,tm_9534,True
27,eafc_10958,tm_9691,True
28,eafc_4281,tm_5039,True
29,eafc_9722,tm_9255,True
30,eafc_5730,tm_9679,True
31,eafc_8888,tm_5230,True
32,eafc_5329,tm_1179,True
33,eafc_1718,tm_6552,True
34,eafc_1379,tm_9425,True
35,eafc_7911,tm_6026,True
36,eafc_7931,tm_3378,True
37,eafc_7818,tm_7962,True
38,eafc_1758,tm_7098,True
39,eafc_8257,tm_6793,True
40,eafc_2068,tm_9269,True
41,eafc_2082,tm_6805,True
42,eafc_6682,tm_1128,True
43,eafc_8836,tm_9627,True
44,eafc_7912,tm_9453,True
45,eafc_4441,tm_9266,True
46,eafc_7842,tm_6887,True
47,eafc_3516,tm_9525,True
48,eafc_6375,tm_9246,True
49,eafc_11000,tm_9574,True
50,eafc_2883,tm_6700,True
51,eafc_10664,tm_5450,True
52,eafc_5463,tm_6421,True
53,eafc_9631,tm_5334,True
54,eafc_5738,tm_9772,True
55,eafc_4593,tm_6558,True
56,eafc_7448,tm_5481,True
57,eafc_8402,tm_3693,True
58,eafc_1713,tm_2128,True
59,eafc_6737,tm_4391,True
60,eafc_2090,tm_6658,True
61,eafc_3254,tm_6468,True
62,eafc_1577,tm_6688,True
63,eafc_4284,tm_4767,True
64,eafc_10707,tm_5357,True
65,eafc_10819,tm_5261,True
66,eafc_10249,tm_9363,True
67,eafc_1131,tm_6055,True
68,eafc_2775,tm_5004,True
69,eafc_8477,tm_5017,True
70,eafc_7215,tm_5437,True
71,eafc_2208,tm_6753,True
72,eafc_1076,tm_5353,True
73,eafc_3453,tm_6630,True
74,eafc_3629,tm_9197,True
75,eafc_8017,tm_8981,True
76,eafc_3025,tm_7204,True
77,eafc_7839,tm_5255,True
78,eafc_2923,tm_5008,True
79,eafc_10437,tm_9367,True
80,eafc_10228,tm_9576,True
81,eafc_1683,tm_9474,True
82,eafc_5023,tm_7004,True
83,eafc_8819,tm_9641,True
84,eafc_8774,tm_5186,True
85,eafc_2217,tm_6339,True
86,eafc_3899,tm_9435,True
87,eafc_1029,tm_6620,True
88,eafc_10803,tm_9318,True
89,eafc_8488,tm_9711,True
90,eafc_11440,tm_3324,True
91,eafc_4457,tm_1061,True
92,eafc_7129,tm_5335,True
93,eafc_1794,tm_6525,True
94,eafc_10095,tm_4987,True
95,eafc_9525,tm_5259,True
96,eafc_9949,tm_5120,True
97,eafc_8971,tm_6684,True
98,eafc_3452,tm_9481,True
99,eafc_7216,tm_9195,True
100,eafc_10116,tm_6363,False
101,eafc_10382,tm_8331,True
102,eafc_9735,tm_7797,False
103,eafc_8782,tm_10499,True
104,eafc_7442,tm_10035,True
105,eafc_7874,tm_2130,True
106,eafc_3020,tm_8181,True
107,eafc_1439,tm_10027,True
108,eafc_11698,tm_3317,True
109,eafc_8493,tm_9580,True
110,eafc_5991,tm_5552,True
111,eafc_10579,tm_9142,True
112,eafc_10135,tm_8574,True
113,eafc_2740,tm_1357,True
114,eafc_8145,tm_1509,True
115,eafc_1293,tm_5904,True
116,eafc_7669,tm_1802,True
117,eafc_2562,tm_8270,True
118,eafc_7179,tm_4014,True
119,eafc_5132,tm_3722,True
120,eafc_5303,tm_8166,True
121,eafc_2479,tm_2547,True
122,eafc_5726,tm_4062,True
123,eafc_7206,tm_9901,True
124,eafc_11340,tm_2955,False
125,eafc_4148,tm_7198,False
126,eafc_1765,tm_3520,True
127,eafc_10386,tm_7762,True
128,eafc_7705,tm_4334,True
129,eafc_8972,tm_6017,True
130,eafc_8716,tm_7474,True
131,eafc_11459,tm_7301,False
132,eafc_1839,tm_4213,True
133,eafc_3748,tm_2490,True
134,eafc_7646,tm_6363,True
135,eafc_5421,tm_9402,True
136,eafc_6061,tm_7969,True
137,eafc_1251,tm_4147,True
138,eafc_11550,tm_3256,True
139,eafc_9391,tm_2209,False
140,eafc_6267,tm_8954,False
141,eafc_2393,tm_8819,True
142,eafc_10621,tm_8516,True
143,eafc_3771,tm_8033,True
144,eafc_11395,tm_2829,True
145,eafc_7918,tm_4205,True
146,eafc_1608,tm_4260,True
147,eafc_4885,tm_9905,True
148,eafc_4869,tm_10629,True
149,eafc_7768,tm_9108,True
150,eafc_11410,tm_3237,False
151,eafc_8282,tm_3437,True
152,eafc_4522,tm_5140,True
153,eafc_4169,tm_9412,False
154,eafc_10593,tm_4188,True
155,eafc_4154,tm_1448,False
156,eafc_7915,tm_6178,True
157,eafc_2793,tm_1290,True
158,eafc_2523,tm_8320,True
159,eafc_9466,tm_3709,True
160,eafc_8660,tm_10733,True
161,eafc_9046,tm_6515,True
162,eafc_6597,tm_2481,True
163,eafc_7277,tm_7815,True
164,eafc_4133,tm_5817,False
165,eafc_10261,tm_4348,False
166,eafc_7170,tm_9940,False
167,eafc_1673,tm_9799,True
168,eafc_5347,tm_1864,True
169,eafc_1487,tm_6265,True
170,eafc_8708,tm_4207,True
171,eafc_3412,tm_4247,True
172,eafc_7529,tm_1032,True
173,eafc_7260,tm_9945,True
174,eafc_8342,tm_2648,True
175,eafc_2833,tm_10548,True
176,eafc_9383,tm_3811,False
177,eafc_2713,tm_2556,True
178,eafc_5995,tm_3951,True
179,eafc_11482,tm_2925,True
180,eafc_7001,tm_10712,True
181,eafc_7390,tm_3676,True
182,eafc_4946,tm_8924,True
183,eafc_7151,tm_8622,True
184,eafc_8887,tm_4119,True
185,eafc_9298,tm_3889,True
186,eafc_2891,tm_7426,True
187,eafc_2941,tm_6671,False
188,eafc_11158,tm_1697,True
189,eafc_11481,tm_8274,False
190,eafc_8799,tm_10207,False
191,eafc_3018,tm_8823,True
192,eafc_11128,tm_9451,False
193,eafc_4859,tm_9899,False
194,eafc_1367,tm_6192,True
195,eafc_7006,tm_4267,True
196,eafc_1031,tm_1553,True
197,eafc_11649,tm_3025,True
198,eafc_7532,tm_1566,True
199,eafc_4043,tm_5969,False
200,eafc_9771,tm_8386,True
201,eafc_5453,tm_10299,False
202,eafc_4652,tm_10265,True
203,eafc_1958,tm_4621,True
204,eafc_4118,tm_9217,False
205,eafc_7273,tm_5589,True
206,eafc_1747,tm_8812,True
207,eafc_4884,tm_7458,True
208,eafc_6833,tm_7032,True
209,eafc_11120,tm_2757,True
210,eafc_5053,tm_10361,True
211,eafc_1533,tm_9594,True
212,eafc_11244,tm_8871,True
213,eafc_10454,tm_2295,False
214,eafc_9118,tm_9860,True
215,eafc_2825,tm_6394,True
216,eafc_1035,tm_7009,True
217,eafc_2593,tm_10742,True
218,eafc_9653,tm_7530,True
219,eafc_6049,tm_5247,True
220,eafc_9405,tm_1299,True
221,eafc_9294,tm_4262,False
222,eafc_7984,tm_10202,True
223,eafc_11434,tm_3061,False
224,eafc_1850,tm_2030,True
225,eafc_9157,tm_6382,True
226,eafc_4677,tm_6596,True
227,eafc_4031,tm_8533,False
228,eafc_10554,tm_4052,True
229,eafc_11517,tm_2979,True
230,eafc_1883,tm_10065,True
231,eafc_6882,tm_8568,True
232,eafc_3927,tm_8880,True
233,eafc_5230,tm_7119,True
234,eafc_4919,tm_6883,True
235,eafc_1265,tm_1430,True
236,eafc_1014,tm_2119,True
237,eafc_8954,tm_1378,True
238,eafc_2498,tm_2463,True
239,eafc_9336,tm_6388,True
240,eafc_3874,tm_7316,True
241,eafc_4728,tm_10544,True
242,eafc_6683,tm_1401,True
243,eafc_8932,tm_4481,False
244,eafc_7379,tm_10272,True
245,eafc_4187,tm_1993,False
246,eafc_1543,tm_10478,True
247,eafc_4842,tm_8681,True
248,eafc_5354,tm_6044,True
249,eafc_10255,tm_1419,True
250,eafc_10885,tm_5205,False
251,eafc_4329,tm_4258,True
252,eafc_10194,tm_4127,False
253,eafc_2703,tm_4057,True
254,eafc_10335,tm_1187,False
255,eafc_2453,tm_6110,True
256,eafc_11575,tm_2844,False
257,eafc_2984,tm_4919,True
258,eafc_10843,tm_9806,False
259,eafc_1952,tm_6724,True
260,eafc_9309,tm_5638,True
261,eafc_8724,tm_2758,True
262,eafc_4025,tm_5776,True
263,eafc_7831,tm_10610,False
264,eafc_4834,tm_2697,False
265,eafc_9024,tm_3686,True
266,eafc_4989,tm_9445,False
267,eafc_6762,tm_1287,True
268,eafc_6165,tm_8438,True
269,eafc_6825,tm_9849,True
270,eafc_2576,tm_4270,True
271,eafc_8933,tm_6682,True
272,eafc_3167,tm_2548,True
273,eafc_4857,tm_1832,True
274,eafc_8198,tm_6979,False
275,eafc_9417,tm_3874,True
276,eafc_10801,tm_2770,True
277,eafc_7711,tm_3995,True
278,eafc_3818,tm_6757,True
279,eafc_1096,tm_9064,True
280,eafc_2655,tm_1976,True
281,eafc_9538,tm_2539,True
282,eafc_11535,tm_5477,False
283,eafc_6391,tm_3358,True
284,eafc_11214,tm_6108,True
285,eafc_5149,tm_1412,True
286,eafc_10709,tm_1958,False
287,eafc_3554,tm_5655,True
288,eafc_10145,tm_2706,True
289,eafc_4027,tm_6387,False
290,eafc_9976,tm_6152,False
291,eafc_4090,tm_9217,False
292,eafc_8182,tm_9977,True
293,eafc_2983,tm_10058,True
294,eafc_4860,tm_10280,True
295,eafc_1101,tm_8646,True
296,eafc_4231,tm_2634,False
297,eafc_9921,tm_8968,True
298,eafc_7715,tm_5573,True
299,eafc_1795,tm_5766,True
300,eafc_6365,tm_8915,False
301,eafc_1562,tm_5019,False
302,eafc_4329,tm_4258,False
303,eafc_10031,tm_9630,False
304,eafc_5549,tm_8660,False
305,eafc_4263,tm_5038,False
307,eafc_10469,tm_2512,False
308,eafc_4204,tm_2929,False
309,eafc_10770,tm_4607,False
311,eafc_11164,tm_5759,False
313,eafc_5058,tm_1028,False
314,eafc_11519,tm_2860,False
315,eafc_4139,tm_5835,False
316,eafc_10071,tm_1162,False
317,eafc_8070,tm_2349,False
318,eafc_4210,tm_4849,False
319,eafc_2261,tm_7544,False
321,eafc_11630,tm_3138,False
322,eafc_3030,tm_2455,False
323,eafc_3960,tm_5682,False
324,eafc_9369,tm_8150,False
325,eafc_9956,tm_6775,False
327,eafc_8077,tm_2622,False
328,eafc_11642,tm_3235,False
330,eafc_11520,tm_1227,False
331,eafc_8940,tm_5899,False
332,eafc_4244,tm_9281,False
334,eafc_11517,tm_2979,False
335,eafc_11649,tm_3025,False
336,eafc_2805,tm_5382,False
337,eafc_8086,tm_1328,False
338,eafc_8839,tm_8325,False
339,eafc_11307,tm_3250,False
340,eafc_7554,tm_6142,False
341,eafc_4077,tm_9132,False
342,eafc_9863,tm_5145,False
343,eafc_11609,tm_3053,False
344,eafc_8626,tm_8663,False
345,eafc_11388,tm_3243,False
346,eafc_2180,tm_5462,False
347,eafc_9757,tm_5011,False
348,eafc_8828,tm_7263,False
349,eafc_4991,tm_9030,False
350,eafc_10142,tm_2267,False
351,eafc_8007,tm_6795,False
352,eafc_4299,tm_3332,False
353,eafc_7067,tm_2431,False
354,eafc_11578,tm_2973,False
355,eafc_9576,tm_1491,False
356,eafc_9303,tm_1087,False
357,eafc_11636,tm_3153,False
358,eafc_7967,tm_6684,False
359,eafc_2731,tm_7615,False
360,eafc_5593,tm_9184,False
361,eafc_7027,tm_4792,False
362,eafc_10330,tm_8088,False
363,eafc_4349,tm_2372,False
364,eafc_10034,tm_9422,False
366,eafc_2710,tm_2488,False
367,eafc_3769,tm_8668,False
368,eafc_10850,tm_7823,False
370,eafc_9416,tm_10430,False
371,eafc_6403,tm_4801,False
372,eafc_10090,tm_5300,False
373,eafc_8089,tm_2766,False
374,eafc_1311,tm_1176,False
375,eafc_6593,tm_3649,False
376,eafc_11309,tm_3091,False
377,eafc_6960,tm_10760,False
378,eafc_3301,tm_8346,False
379,eafc_11565,tm_10461,False
380,eafc_11533,tm_3145,False
381,eafc_5043,tm_9449,False
382,eafc_11179,tm_8451,False
383,eafc_10682,tm_5202,False
384,eafc_6479,tm_5077,False
385,eafc_11324,tm_4647,False
386,eafc_8019,tm_5716,False
387,eafc_9708,tm_7077,False
388,eafc_8073,tm_7685,False
389,eafc_11391,tm_5038,False
390,eafc_7925,tm_1564,False
391,eafc_4422,tm_9599,False
392,eafc_4279,tm_9294,False
393,eafc_8263,tm_4339,False
394,eafc_8333,tm_2253,False
395,eafc_11371,tm_3225,False
396,eafc_4673,tm_5196,False
398,eafc_2511,tm_9264,False
399,eafc_2145,tm_8707,False
400,eafc_5787,tm_9365,False
401,eafc_9085,tm_9625,False
402,eafc_11645,tm_1064,False
403,eafc_8213,tm_3147,False
404,eafc_3184,tm_9345,False
405,eafc_9439,tm_10766,False
406,eafc_9939,tm_9105,False
408,eafc_1303,tm_4864,False
409,eafc_7641,tm_1861,False
410,eafc_11132,tm_6745,False
411,eafc_10703,tm_5543,False
412,eafc_11489,tm_6692,False
413,eafc_4745,tm_6162,False
414,eafc_3392,tm_7874,False
415,eafc_9282,tm_1047,False
416,eafc_11511,tm_3364,False
417,eafc_10389,tm_1174,False
418,eafc_4095,tm_3937,False
419,eafc_11683,tm_9939,False
420,eafc_6898,tm_10480,False
421,eafc_4931,tm_7408,False
422,eafc_7951,tm_6913,False
423,eafc_11460,tm_8112,False
425,eafc_3098,tm_6389,False
426,eafc_4038,tm_9217,False
427,eafc_8764,tm_9040,False
428,eafc_11666,tm_2898,False
430,eafc_10161,tm_1345,False
431,eafc_7201,tm_3615,False
433,eafc_8414,tm_10481,False
434,eafc_11395,tm_2829,False
435,eafc_9858,tm_4899,False
436,eafc_8601,tm_6897,False
437,eafc_9874,tm_10179,False
438,eafc_8178,tm_8717,False
439,eafc_5099,tm_6158,False
440,eafc_11687,tm_3280,False
441,eafc_3531,tm_9428,False
442,eafc_11444,tm_2830,False
443,eafc_7717,tm_7613,False
444,eafc_3926,tm_8177,False
445,eafc_11601,tm_9887,False
446,eafc_4061,tm_6325,False
447,eafc_8423,tm_6071,False
448,eafc_11615,tm_2831,False
449,eafc_2671,tm_3406,False
452,eafc_6932,tm_9929,False
453,eafc_11315,tm_6931,False
454,eafc_8278,tm_7716,False
455,eafc_3109,tm_6715,False
456,eafc_2512,tm_4880,False
457,eafc_9909,tm_4907,False
458,eafc_8092,tm_3493,False
459,eafc_11039,tm_4972,False
460,eafc_9856,tm_9626,False
461,eafc_4050,tm_2929,False
463,eafc_5885,tm_3356,False
464,eafc_4895,tm_4777,False
465,eafc_1135,tm_6652,False
466,eafc_7250,tm_8457,False
467,eafc_6270,tm_1601,False
468,eafc_8960,tm_9471,False
469,eafc_10767,tm_8400,False
470,eafc_4206,tm_2584,False
471,eafc_7605,tm_1345,False
472,eafc_7188,tm_3137,False
473,eafc_5394,tm_2243,False
474,eafc_3157,tm_7523,False
475,eafc_9835,tm_9408,False
476,eafc_11463,tm_3059,False
477,eafc_2597,tm_1959,False
478,eafc_10319,tm_1165,False
479,eafc_6117,tm_10844,False
480,eafc_4254,tm_2941,False
481,eafc_10269,tm_4521,False
483,eafc_4305,tm_2272,False
484,eafc_6830,tm_5053,False
485,eafc_4026,tm_4381,False
486,eafc_1866,tm_5634,False
487,eafc_4448,tm_5258,False
488,eafc_4668,tm_7481,False
489,eafc_11177,tm_5368,False
490,eafc_8080,tm_4235,False
491,eafc_4058,tm_6637,False
492,eafc_2747,tm_6952,False
494,eafc_8060,tm_7158,False
495,eafc_6362,tm_8210,False
496,eafc_5613,tm_8062,False
497,eafc_10842,tm_8451,False
