"tm_1264","eafc_5131","1.0"
"tm_5271","eafc_10818","1.0"
"tm_6898","eafc_2918","1.0"
"tm_5505","eafc_8758","1.0"
"tm_9571","eafc_6334","1.0"
"tm_9632","eafc_10529","1.0"
"tm_7673","eafc_5789","1.0"
"tm_9360","eafc_7816","1.0"
"tm_5014","eafc_7426","1.0"
"tm_9361","eafc_7193","1.0"
"tm_9540","eafc_7191","1.0"
"tm_5548","eafc_2514","1.0"
"tm_9223","eafc_6122","1.0"
"tm_6842","eafc_3176","1.0"
"tm_1025","eafc_3685","1.0"
"tm_6723","eafc_6757","1.0"
"tm_5054","eafc_9362","1.0"
"tm_7349","eafc_2559","1.0"
"tm_7260","eafc_2225","0.75"
"tm_6120","eafc_1662","1.0"
"tm_1163","eafc_8353","1.0"
"tm_9255","eafc_9722","1.0"
"tm_6989","eafc_2120","1.0"
"tm_6767","eafc_7162","1.0"
"tm_5451","eafc_1305","1.0"
"tm_5703","eafc_9627","1.0"
"tm_5426","eafc_2992","1.0"
"tm_9217","eafc_4898","1.0"
"tm_5569","eafc_8773","1.0"
"tm_9269","eafc_2068","1.0"
"tm_6695","eafc_1182","1.0"
"tm_5448","eafc_6105","1.0"
"tm_5359","eafc_9935","1.0"
"tm_6716","eafc_5737","1.0"
"tm_3468","eafc_9898","1.0"
"tm_6684","eafc_8971","1.0"
"tm_1199","eafc_4350","1.0"
"tm_6551","eafc_1714","1.0"
"tm_10363","eafc_8560","1.0"
"tm_5078","eafc_2685","1.0"
"tm_6735","eafc_10411","1.0"
"tm_5102","eafc_11047","1.0"
"tm_6260","eafc_7189","1.0"
"tm_5603","eafc_7164","1.0"
"tm_8328","eafc_6355","1.0"
"tm_6783","eafc_1460","1.0"
"tm_2302","eafc_4531","1.0"
"tm_8087","eafc_5038","1.0"
"tm_5414","eafc_5041","1.0"
"tm_6793","eafc_8257","1.0"
"tm_6468","eafc_3254","1.0"
"tm_5101","eafc_11022","1.0"
"tm_5215","eafc_10118","1.0"
"tm_5017","eafc_8477","1.0"
"tm_9610","eafc_8978","1.0"
"tm_6907","eafc_3943","1.0"
"tm_6963","eafc_3696","1.0"
"tm_9312","eafc_8393","1.0"
"tm_9607","eafc_2467","1.0"
"tm_9629","eafc_5853","1.0"
"tm_9416","eafc_10928","1.0"
"tm_9265","eafc_3606","1.0"
"tm_5304","eafc_10847","1.0"
"tm_6921","eafc_7840","1.0"
"tm_2833","eafc_11287","1.0"
"tm_9454","eafc_6530","1.0"
"tm_5041","eafc_2634","1.0"
"tm_9373","eafc_7882","1.0"
"tm_9397","eafc_5727","1.0"
"tm_5084","eafc_7120","1.0"
"tm_8537","eafc_1681","1.0"
"tm_6964","eafc_7543","1.0"
"tm_2124","eafc_3799","1.0"
"tm_2222","eafc_8762","1.0"
"tm_6946","eafc_6261","1.0"
"tm_5061","eafc_1086","1.0"
"tm_9520","eafc_8982","1.0"
"tm_5128","eafc_6981","1.0"
"tm_6780","eafc_7932","1.0"
"tm_5166","eafc_6623","1.0"
"tm_9329","eafc_7939","1.0"
"tm_6451","eafc_4963","1.0"
"tm_9667","eafc_6531","1.0"
"tm_9535","eafc_6951","1.0"
"tm_8960","eafc_1999","1.0"
"tm_4209","eafc_8350","1.0"
"tm_9409","eafc_8491","1.0"
"tm_7201","eafc_5760","1.0"
"tm_5223","eafc_10814","1.0"
"tm_9316","eafc_3038","1.0"
"tm_3795","eafc_8382","1.0"
"tm_9418","eafc_10336","1.0"
"tm_6612","eafc_3159","1.0"
"tm_6890","eafc_6096","1.0"
"tm_9339","eafc_4002","1.0"
"tm_2476","eafc_5492","1.0"
"tm_9300","eafc_3860","1.0"
"tm_9685","eafc_6327","1.0"
"tm_5452","eafc_5365","1.0"
"tm_6847","eafc_5825","1.0"
"tm_6662","eafc_2273","1.0"
"tm_6936","eafc_1590","1.0"
"tm_4992","eafc_3462","1.0"
"tm_9641","eafc_8819","1.0"
"tm_5354","eafc_3337","1.0"
"tm_3773","eafc_6199","1.0"
"tm_4994","eafc_9363","1.0"
"tm_3353","eafc_3286","1.0"
"tm_1286","eafc_7481","0.75"
"tm_2397","eafc_1766","1.0"
"tm_9413","eafc_9408","1.0"
"tm_2214","eafc_2155","1.0"
"tm_6824","eafc_5881","1.0"
"tm_9241","eafc_8206","1.0"
"tm_7457","eafc_10141","1.0"
"tm_9350","eafc_2831","1.0"
"tm_7452","eafc_3765","1.0"
"tm_5075","eafc_2539","1.0"
"tm_6675","eafc_2229","1.0"
"tm_4987","eafc_10095","1.0"
"tm_6906","eafc_3625","1.0"
"tm_1182","eafc_8760","1.0"
"tm_5443","eafc_10499","1.0"
"tm_9624","eafc_6560","1.0"
"tm_4983","eafc_2081","1.0"
"tm_7260","eafc_2249","1.0"
"tm_8814","eafc_6693","1.0"
"tm_7691","eafc_7674","1.0"
"tm_9266","eafc_4441","1.0"
"tm_3167","eafc_11626","1.0"
"tm_5456","eafc_4947","1.0"
"tm_9550","eafc_9694","1.0"
"tm_5365","eafc_7031","1.0"
"tm_6529","eafc_2318","1.0"
"tm_5197","eafc_10245","1.0"
"tm_6332","eafc_3005","1.0"
"tm_9459","eafc_6572","1.0"
"tm_9349","eafc_1021","1.0"
"tm_6929","eafc_3942","1.0"
"tm_9703","eafc_7886","1.0"
"tm_5413","eafc_7742","1.0"
"tm_9618","eafc_8541","1.0"
"tm_9880","eafc_4845","1.0"
"tm_9250","eafc_1717","1.0"
"tm_5321","eafc_8849","1.0"
"tm_5363","eafc_5544","1.0"
"tm_6987","eafc_8471","1.0"
"tm_2062","eafc_1332","1.0"
"tm_6796","eafc_3857","1.0"
"tm_4979","eafc_7527","1.0"
"tm_1494","eafc_6212","1.0"
"tm_6732","eafc_9889","1.0"
"tm_2426","eafc_1612","1.0"
"tm_6625","eafc_1023","1.0"
"tm_4981","eafc_9081","1.0"
"tm_6710","eafc_2885","1.0"
"tm_9497","eafc_11114","1.0"
"tm_4704","eafc_4321","1.0"
"tm_5222","eafc_1672","1.0"
"tm_7133","eafc_1344","1.0"
"tm_6553","eafc_7061","1.0"
"tm_6559","eafc_5758","1.0"
"tm_5444","eafc_10660","1.0"
"tm_6230","eafc_7369","1.0"
"tm_5003","eafc_7023","1.0"
"tm_9587","eafc_2909","1.0"
"tm_5696","eafc_7035","1.0"
"tm_7451","eafc_8313","1.0"
"tm_5410","eafc_8362","1.0"
"tm_6112","eafc_9358","1.0"
"tm_5275","eafc_7827","1.0"
"tm_1061","eafc_4457","1.0"
"tm_5120","eafc_9949","1.0"
"tm_5288","eafc_9911","1.0"
"tm_5198","eafc_10060","1.0"
"tm_6550","eafc_2462","1.0"
"tm_9538","eafc_8495","1.0"
"tm_4995","eafc_5073","1.0"
"tm_5673","eafc_10217","1.0"
"tm_9295","eafc_1567","1.0"
"tm_9205","eafc_3720","1.0"
"tm_8653","eafc_3575","1.0"
"tm_6801","eafc_1560","1.0"
"tm_3283","eafc_11623","1.0"
"tm_6851","eafc_8826","1.0"
"tm_5372","eafc_10615","1.0"
"tm_6761","eafc_3276","1.0"
"tm_9582","eafc_3782","1.0"
"tm_6982","eafc_5188","1.0"
"tm_7111","eafc_7481","1.0"
"tm_9252","eafc_6383","1.0"
"tm_9704","eafc_1517","1.0"
"tm_5157","eafc_9861","1.0"
"tm_5092","eafc_5423","1.0"
"tm_5105","eafc_9208","1.0"
"tm_5403","eafc_6106","1.0"
"tm_9514","eafc_7115","1.0"
"tm_9222","eafc_3954","1.0"
"tm_6657","eafc_7727","1.0"
"tm_5503","eafc_4497","1.0"
"tm_5481","eafc_7448","1.0"
"tm_3767","eafc_2953","1.0"
"tm_5267","eafc_2407","1.0"
"tm_6962","eafc_10908","1.0"
"tm_4728","eafc_3505","1.0"
"tm_5402","eafc_11170","1.0"
"tm_5005","eafc_1009","1.0"
"tm_5358","eafc_9578","1.0"
"tm_4694","eafc_5680","1.0"
"tm_9505","eafc_6654","1.0"
"tm_6558","eafc_4593","1.0"
"tm_5480","eafc_1802","1.0"
"tm_4993","eafc_2930","1.0"
"tm_6798","eafc_9263","1.0"
"tm_5677","eafc_5256","1.0"
"tm_5309","eafc_5118","1.0"
"tm_6731","eafc_3410","1.0"
"tm_2322","eafc_5872","1.0"
"tm_6726","eafc_4302","1.0"
"tm_5126","eafc_10178","1.0"
"tm_7084","eafc_11115","1.0"
"tm_8363","eafc_11040","1.0"
"tm_6845","eafc_2319","1.0"
"tm_7270","eafc_10132","1.0"
"tm_5153","eafc_9865","1.0"
"tm_9367","eafc_10437","1.0"
"tm_9333","eafc_2018","1.0"
"tm_10284","eafc_5021","1.0"
"tm_5071","eafc_1204","1.0"
"tm_7359","eafc_7065","1.0"
"tm_5998","eafc_5802","1.0"
"tm_4391","eafc_6737","1.0"
"tm_6998","eafc_5931","1.0"
"tm_7990","eafc_4532","1.0"
"tm_3310","eafc_11403","1.0"
"tm_9410","eafc_9703","1.0"
"tm_7436","eafc_1153","1.0"
"tm_4734","eafc_2940","1.0"
"tm_9557","eafc_11078","1.0"
"tm_5212","eafc_10061","1.0"
"tm_5125","eafc_1721","1.0"
"tm_7065","eafc_1052","1.0"
"tm_6421","eafc_5463","1.0"
"tm_6665","eafc_2448","1.0"
"tm_8737","eafc_7103","1.0"
"tm_7153","eafc_6676","1.0"
"tm_6803","eafc_3934","1.0"
"tm_6719","eafc_1831","1.0"
"tm_5393","eafc_9453","1.0"
"tm_5435","eafc_6039","1.0"
"tm_9427","eafc_3313","1.0"
"tm_1196","eafc_4485","1.0"
"tm_5261","eafc_10819","1.0"
"tm_5245","eafc_8031","1.0"
"tm_5441","eafc_1570","1.0"
"tm_5155","eafc_8001","1.0"
"tm_6676","eafc_4962","1.0"
"tm_9480","eafc_9614","1.0"
"tm_9259","eafc_10021","1.0"
"tm_5001","eafc_1651","1.0"
"tm_3886","eafc_9910","1.0"
"tm_6805","eafc_2082","1.0"
"tm_6897","eafc_2994","1.0"
"tm_5068","eafc_3672","1.0"
"tm_9317","eafc_1572","1.0"
"tm_3441","eafc_4739","1.0"
"tm_6819","eafc_8174","1.0"
"tm_9439","eafc_6514","1.0"
"tm_6712","eafc_1085","1.0"
"tm_4042","eafc_3231","1.0"
"tm_5420","eafc_8840","1.0"
"tm_1183","eafc_3580","1.0"
"tm_6689","eafc_4316","1.0"
"tm_7463","eafc_1675","1.0"
"tm_5135","eafc_8944","1.0"
"tm_9617","eafc_2282","1.0"
"tm_2255","eafc_1492","1.0"
"tm_5241","eafc_9714","1.0"
"tm_6740","eafc_2846","1.0"
"tm_5050","eafc_6025","1.0"
"tm_4935","eafc_6629","1.0"
"tm_2493","eafc_6466","1.0"
"tm_6304","eafc_5693","1.0"
"tm_5220","eafc_11113","1.0"
"tm_3324","eafc_11440","1.0"
"tm_9428","eafc_6497","1.0"
"tm_4333","eafc_10418","1.0"
"tm_4521","eafc_4730","1.0"
"tm_10545","eafc_2370","1.0"
"tm_6902","eafc_6843","1.0"
"tm_5262","eafc_5573","1.0"
"tm_9687","eafc_1355","1.0"
"tm_7053","eafc_4285","1.0"
"tm_9293","eafc_8083","1.0"
"tm_7015","eafc_5814","1.0"
"tm_5131","eafc_9454","1.0"
"tm_2274","eafc_2266","1.0"
"tm_5232","eafc_10813","1.0"
"tm_9545","eafc_2203","1.0"
"tm_6687","eafc_3427","1.0"
"tm_4377","eafc_3115","1.0"
"tm_5278","eafc_7836","1.0"
"tm_7116","eafc_2696","1.0"
"tm_5433","eafc_2943","1.0"
"tm_6725","eafc_6547","1.0"
"tm_5450","eafc_10664","1.0"
"tm_5409","eafc_9758","1.0"
"tm_6922","eafc_1689","1.0"
"tm_5462","eafc_6384","1.0"
"tm_9422","eafc_7765","1.0"
"tm_9584","eafc_6145","1.0"
"tm_9581","eafc_7479","1.0"
"tm_2654","eafc_8938","1.0"
"tm_5412","eafc_8652","1.0"
"tm_6892","eafc_3255","1.0"
"tm_9370","eafc_8847","1.0"
"tm_9562","eafc_8580","1.0"
"tm_6642","eafc_1002","1.0"
"tm_9491","eafc_2092","1.0"
"tm_6268","eafc_4882","1.0"
"tm_5400","eafc_10961","1.0"
"tm_6646","eafc_1034","1.0"
"tm_2553","eafc_4704","1.0"
"tm_9492","eafc_4740","1.0"
"tm_5180","eafc_1462","1.0"
"tm_9453","eafc_7912","1.0"
"tm_9462","eafc_9259","1.0"
"tm_9705","eafc_3306","1.0"
"tm_8652","eafc_7210","1.0"
"tm_6720","eafc_8993","1.0"
"tm_5110","eafc_3904","1.0"
"tm_5179","eafc_9877","1.0"
"tm_9702","eafc_6299","1.0"
"tm_5339","eafc_2734","1.0"
"tm_5086","eafc_10365","1.0"
"tm_5073","eafc_1946","1.0"
"tm_5038","eafc_3761","1.0"
"tm_2073","eafc_2363","1.0"
"tm_9395","eafc_5121","1.0"
"tm_3414","eafc_1001","1.0"
"tm_3041","eafc_11448","1.0"
"tm_4500","eafc_2255","1.0"
"tm_9475","eafc_7930","1.0"
"tm_6951","eafc_1415","1.0"
"tm_5266","eafc_2130","1.0"
"tm_9444","eafc_10867","1.0"
"tm_7460","eafc_5580","1.0"
"tm_9400","eafc_9386","1.0"
"tm_9301","eafc_8640","1.0"
"tm_4997","eafc_6519","1.0"
"tm_5421","eafc_9604","1.0"
"tm_5610","eafc_9660","1.0"
"tm_5465","eafc_11210","1.0"
"tm_5039","eafc_4281","1.0"
"tm_6540","eafc_6147","1.0"
"tm_5018","eafc_5370","1.0"
"tm_5164","eafc_10644","1.0"
"tm_6587","eafc_3721","1.0"
"tm_9299","eafc_2998","1.0"
"tm_6915","eafc_3085","1.0"
"tm_9671","eafc_3113","1.0"
"tm_5121","eafc_3568","1.0"
"tm_6261","eafc_3292","1.0"
"tm_5357","eafc_10707","1.0"
"tm_2111","eafc_7528","1.0"
"tm_9472","eafc_6887","1.0"
"tm_6631","eafc_2330","1.0"
"tm_9723","eafc_2435","1.0"
"tm_2943","eafc_11441","1.0"
"tm_5332","eafc_4017","1.0"
"tm_9698","eafc_7748","1.0"
"tm_5364","eafc_1448","1.0"
"tm_9270","eafc_7119","1.0"
"tm_9436","eafc_5551","1.0"
"tm_6759","eafc_7303","1.0"
"tm_3433","eafc_2380","1.0"
"tm_1475","eafc_5865","1.0"
"tm_2638","eafc_3716","1.0"
"tm_9247","eafc_4576","1.0"
"tm_5327","eafc_6017","1.0"
"tm_6966","eafc_6715","1.0"
"tm_1234","eafc_4334","1.0"
"tm_3696","eafc_10111","0.75"
"tm_1069","eafc_8592","1.0"
"tm_6753","eafc_2208","1.0"
"tm_5200","eafc_11199","1.0"
"tm_9419","eafc_8837","1.0"
"tm_2224","eafc_1956","1.0"
"tm_6541","eafc_1107","1.0"
"tm_2171","eafc_4631","1.0"
"tm_9606","eafc_7767","1.0"
"tm_9954","eafc_10670","1.0"
"tm_9689","eafc_7021","1.0"
"tm_5411","eafc_7771","1.0"
"tm_7441","eafc_8906","1.0"
"tm_6557","eafc_10877","1.0"
"tm_5488","eafc_3135","1.0"
"tm_9186","eafc_3800","1.0"
"tm_6942","eafc_5366","1.0"
"tm_5957","eafc_11004","1.0"
"tm_5334","eafc_9631","1.0"
"tm_6931","eafc_5849","1.0"
"tm_9366","eafc_3017","1.0"
"tm_9358","eafc_6058","1.0"
"tm_6055","eafc_1131","1.0"
"tm_5575","eafc_1040","1.0"
"tm_5463","eafc_5222","1.0"
"tm_7031","eafc_3146","1.0"
"tm_5374","eafc_2744","1.0"
"tm_4901","eafc_2932","1.0"
"tm_6708","eafc_9782","1.0"
"tm_5260","eafc_10816","1.0"
"tm_6704","eafc_11092","1.0"
"tm_6968","eafc_8390","1.0"
"tm_5046","eafc_6329","1.0"
"tm_5279","eafc_1953","1.0"
"tm_5449","eafc_6385","1.0"
"tm_5547","eafc_3160","1.0"
"tm_5569","eafc_7448","1.0"
"tm_5083","eafc_10805","1.0"
"tm_3802","eafc_10196","1.0"
"tm_5008","eafc_2923","1.0"
"tm_6765","eafc_5683","1.0"
"tm_9199","eafc_4770","1.0"
"tm_5225","eafc_8739","1.0"
"tm_5186","eafc_8774","1.0"
"tm_6800","eafc_6628","1.0"
"tm_6937","eafc_6075","1.0"
"tm_9690","eafc_7667","1.0"
"tm_6588","eafc_9022","1.0"
"tm_9552","eafc_8032","1.0"
"tm_3304","eafc_11326","1.0"
"tm_9372","eafc_1571","1.0"
"tm_3294","eafc_11586","1.0"
"tm_6060","eafc_2677","1.0"
"tm_7018","eafc_4439","1.0"
"tm_1135","eafc_2176","1.0"
"tm_6576","eafc_1536","1.0"
"tm_7111","eafc_8796","0.75"
"tm_1075","eafc_5989","1.0"
"tm_5290","eafc_11198","1.0"
"tm_5226","eafc_6979","1.0"
"tm_6658","eafc_2090","1.0"
"tm_5004","eafc_2775","1.0"
"tm_5045","eafc_7125","1.0"
"tm_2634","eafc_3459","1.0"
"tm_5097","eafc_9791","1.0"
"tm_4870","eafc_4641","1.0"
"tm_1167","eafc_2502","1.0"
"tm_5047","eafc_10806","1.0"
"tm_5475","eafc_7127","1.0"
"tm_4403","eafc_4778","1.0"
"tm_7022","eafc_2991","1.0"
"tm_7152","eafc_6100","1.0"
"tm_1636","eafc_6640","1.0"
"tm_6688","eafc_1577","1.0"
"tm_9735","eafc_9248","1.0"
"tm_7315","eafc_1181","1.0"
"tm_5748","eafc_5861","1.0"
"tm_5295","eafc_10457","1.0"
"tm_1562","eafc_1892","0.8333333333333333"
"tm_7962","eafc_7818","1.0"
"tm_9328","eafc_1372","1.0"
"tm_4214","eafc_3678","1.0"
"tm_5213","eafc_7276","1.0"
"tm_9600","eafc_10561","1.0"
"tm_3422","eafc_8652","1.0"
"tm_9574","eafc_11000","1.0"
"tm_9672","eafc_10444","1.0"
"tm_7110","eafc_9293","1.0"
"tm_4496","eafc_2463","1.0"
"tm_7698","eafc_4743","1.0"
"tm_8158","eafc_2967","1.0"
"tm_9772","eafc_5738","1.0"
"tm_5429","eafc_5917","1.0"
"tm_9340","eafc_7642","1.0"
"tm_6672","eafc_1985","1.0"
"tm_5958","eafc_1796","1.0"
"tm_6912","eafc_6285","1.0"
"tm_2303","eafc_5594","1.0"
"tm_2249","eafc_3024","1.0"
"tm_5016","eafc_6493","1.0"
"tm_5159","eafc_2059","1.0"
"tm_6442","eafc_9831","1.0"
"tm_9658","eafc_7897","1.0"
"tm_4675","eafc_1330","1.0"
"tm_9401","eafc_3838","1.0"
"tm_9391","eafc_5759","1.0"
"tm_5219","eafc_10246","1.0"
"tm_5398","eafc_10188","1.0"
"tm_9197","eafc_3629","1.0"
"tm_9688","eafc_3658","1.0"
"tm_5179","eafc_6303","0.75"
"tm_5482","eafc_3667","1.0"
"tm_4990","eafc_2695","1.0"
"tm_1286","eafc_8796","1.0"
"tm_5152","eafc_7155","1.0"
"tm_9691","eafc_10958","1.0"
"tm_6775","eafc_8820","1.0"
"tm_2066","eafc_1345","1.0"
"tm_6930","eafc_2240","1.0"
"tm_4767","eafc_4284","1.0"
"tm_7006","eafc_2436","1.0"
"tm_5249","eafc_6470","1.0"
"tm_4810","eafc_2966","1.0"
"tm_6908","eafc_8033","1.0"
"tm_5146","eafc_8768","1.0"
"tm_9598","eafc_1922","1.0"
"tm_4534","eafc_2365","1.0"
"tm_6580","eafc_6984","1.0"
"tm_5134","eafc_5928","1.0"
"tm_9335","eafc_5582","1.0"
"tm_5019","eafc_5469","1.0"
"tm_5493","eafc_7648","1.0"
"tm_3483","eafc_5773","1.0"
"tm_7005","eafc_2019","1.0"
"tm_7165","eafc_6598","1.0"
"tm_5063","eafc_3507","1.0"
"tm_7304","eafc_7106","1.0"
"tm_3312","eafc_11571","1.0"
"tm_9286","eafc_6625","1.0"
"tm_2207","eafc_5190","1.0"
"tm_10347","eafc_2987","1.0"
"tm_7096","eafc_4742","1.0"
"tm_5481","eafc_8773","1.0"
"tm_5174","eafc_7090","1.0"
"tm_5183","eafc_1744","1.0"
"tm_3734","eafc_8710","1.0"
"tm_5335","eafc_7129","1.0"
"tm_1367","eafc_8307","0.8333333333333333"
"tm_5693","eafc_3411","1.0"
"tm_6993","eafc_3651","1.0"
"tm_6618","eafc_4731","1.0"
"tm_6626","eafc_8848","1.0"
"tm_6707","eafc_3550","1.0"
"tm_9699","eafc_6485","1.0"
"tm_6728","eafc_9141","1.0"
"tm_6281","eafc_6057","1.0"
"tm_3397","eafc_2662","1.0"
"tm_1306","eafc_2136","1.0"
"tm_1647","eafc_2518","1.0"
"tm_5427","eafc_7722","1.0"
"tm_5352","eafc_5539","1.0"
"tm_4326","eafc_10417","1.0"
"tm_6891","eafc_5093","1.0"
"tm_5303","eafc_5369","1.0"
"tm_6700","eafc_2883","1.0"
"tm_7049","eafc_7013","1.0"
"tm_9643","eafc_9934","1.0"
"tm_6794","eafc_8009","1.0"
"tm_6887","eafc_7842","1.0"
"tm_5000","eafc_4744","1.0"
"tm_5378","eafc_10929","1.0"
"tm_6035","eafc_1692","1.0"
"tm_3350","eafc_5297","1.0"
"tm_6240","eafc_2468","1.0"
"tm_6943","eafc_1178","1.0"
"tm_5253","eafc_10944","1.0"
"tm_5115","eafc_5910","1.0"
"tm_6668","eafc_1628","1.0"
"tm_6978","eafc_1471","1.0"
"tm_5353","eafc_1076","1.0"
"tm_5090","eafc_7969","1.0"
"tm_6933","eafc_6179","1.0"
"tm_5031","eafc_7699","1.0"
"tm_6789","eafc_1843","1.0"
"tm_5187","eafc_2851","1.0"
"tm_9680","eafc_1090","1.0"
"tm_5294","eafc_10456","1.0"
"tm_5336","eafc_2700","1.0"
"tm_6756","eafc_3549","1.0"
"tm_6685","eafc_5830","1.0"
"tm_9507","eafc_6027","1.0"
"tm_9238","eafc_3913","1.0"
"tm_3948","eafc_10498","1.0"
"tm_6894","eafc_10040","1.0"
"tm_6973","eafc_3463","1.0"
"tm_4639","eafc_4850","1.0"
"tm_5255","eafc_7839","1.0"
"tm_5055","eafc_2275","1.0"
"tm_3079","eafc_11351","1.0"
"tm_3690","eafc_10560","1.0"
"tm_6984","eafc_9040","1.0"
"tm_4879","eafc_3054","1.0"
"tm_6233","eafc_1753","1.0"
"tm_3412","eafc_2452","1.0"
"tm_1503","eafc_9830","1.0"
"tm_6828","eafc_3832","1.0"
"tm_10084","eafc_6072","1.0"
"tm_5341","eafc_8266","1.0"
"tm_9374","eafc_3532","1.0"
"tm_2905","eafc_11471","1.0"
"tm_9634","eafc_7830","1.0"
"tm_9396","eafc_8873","1.0"
"tm_7137","eafc_3475","1.0"
"tm_5333","eafc_9471","1.0"
"tm_8133","eafc_6670","1.0"
"tm_6702","eafc_1429","1.0"
"tm_6630","eafc_3453","1.0"
"tm_5182","eafc_10172","1.0"
"tm_9841","eafc_10140","1.0"
"tm_5356","eafc_5801","1.0"
"tm_2107","eafc_3847","1.0"
"tm_6743","eafc_2179","1.0"
"tm_4386","eafc_1622","1.0"
"tm_7004","eafc_5023","1.0"
"tm_4914","eafc_4314","1.0"
"tm_5286","eafc_7534","1.0"
"tm_6543","eafc_6506","1.0"
"tm_9338","eafc_8991","1.0"
"tm_2624","eafc_4812","1.0"
"tm_2581","eafc_3350","1.0"
"tm_5311","eafc_10848","1.0"
"tm_5404","eafc_11080","1.0"
"tm_3693","eafc_8402","1.0"
"tm_6834","eafc_1026","1.0"
"tm_9463","eafc_7453","1.0"
"tm_9355","eafc_2881","1.0"
"tm_5108","eafc_3034","1.0"
"tm_6650","eafc_1365","1.0"
"tm_8982","eafc_7399","1.0"
"tm_4991","eafc_6129","1.0"
"tm_9621","eafc_5305","1.0"
"tm_9426","eafc_4369","1.0"
"tm_9321","eafc_3045","1.0"
"tm_7337","eafc_5234","1.0"
"tm_2067","eafc_6971","1.0"
"tm_6620","eafc_1029","1.0"
"tm_9234","eafc_4436","1.0"
"tm_3261","eafc_11491","1.0"
"tm_6125","eafc_6447","1.0"
"tm_9686","eafc_7222","1.0"
"tm_9456","eafc_5177","1.0"
"tm_9224","eafc_1663","1.0"
"tm_9190","eafc_3978","1.0"
"tm_6087","eafc_1278","1.0"
"tm_6738","eafc_3563","1.0"
"tm_9408","eafc_7343","1.0"
"tm_9337","eafc_3877","1.0"
"tm_9527","eafc_4648","1.0"
"tm_9219","eafc_5498","1.0"
"tm_9188","eafc_6532","1.0"
"tm_9652","eafc_6488","1.0"
"tm_9619","eafc_8845","1.0"
"tm_5374","eafc_5594","1.0"
"tm_7466","eafc_7104","1.0"
"tm_8011","eafc_2920","1.0"
"tm_6353","eafc_4308","1.0"
"tm_6622","eafc_9985","1.0"
"tm_9038","eafc_6247","1.0"
"tm_3563","eafc_7817","1.0"
"tm_5323","eafc_3333","1.0"
"tm_2944","eafc_11468","1.0"
"tm_3482","eafc_2420","1.0"
"tm_3830","eafc_8082","1.0"
"tm_9221","eafc_2320","1.0"
"tm_7043","eafc_2115","1.0"
"tm_5316","eafc_8729","1.0"
"tm_1311","eafc_6477","0.8333333333333333"
"tm_5002","eafc_3759","1.0"
"tm_5371","eafc_9579","1.0"
"tm_6736","eafc_3409","1.0"
"tm_9537","eafc_4417","1.0"
"tm_9484","eafc_5082","1.0"
"tm_9603","eafc_10563","1.0"
"tm_3319","eafc_11696","1.0"
"tm_9308","eafc_6752","1.0"
"tm_6878","eafc_2157","1.0"
"tm_6034","eafc_5482","1.0"
"tm_5009","eafc_7732","1.0"
"tm_5204","eafc_10713","1.0"
"tm_9193","eafc_6909","1.0"
"tm_9288","eafc_2850","1.0"
"tm_9298","eafc_3046","1.0"
"tm_7287","eafc_5783","1.0"
"tm_5322","eafc_10849","1.0"
"tm_6779","eafc_5638","1.0"
"tm_7852","eafc_6923","1.0"
"tm_5020","eafc_8136","1.0"
"tm_9281","eafc_3551","1.0"
"tm_5207","eafc_9593","1.0"
"tm_5118","eafc_9686","1.0"
"tm_5242","eafc_10281","1.0"
"tm_6522","eafc_5575","1.0"
"tm_1123","eafc_2388","1.0"
"tm_5432","eafc_1742","1.0"
"tm_3068","eafc_11418","0.75"
"tm_5839","eafc_6038","1.0"
"tm_1179","eafc_5329","1.0"
"tm_9447","eafc_6176","1.0"
"tm_6953","eafc_1226","1.0"
"tm_2857","eafc_11356","1.0"
"tm_6499","eafc_4948","1.0"
"tm_7757","eafc_6671","1.0"
"tm_5269","eafc_9882","1.0"
"tm_5860","eafc_6084","1.0"
"tm_9630","eafc_9095","1.0"
"tm_5048","eafc_5697","1.0"
"tm_5620","eafc_2645","1.0"
"tm_5469","eafc_2215","1.0"
"tm_5438","eafc_1988","1.0"
"tm_9232","eafc_10019","1.0"
"tm_9681","eafc_3772","1.0"
"tm_5416","eafc_2093","1.0"
"tm_9214","eafc_1474","1.0"
"tm_5089","eafc_1435","1.0"
"tm_9412","eafc_4018","1.0"
"tm_4980","eafc_7963","1.0"
"tm_9235","eafc_2322","1.0"
"tm_6841","eafc_1498","1.0"
"tm_2908","eafc_11476","1.0"
"tm_8741","eafc_1132","1.0"
"tm_9890","eafc_2784","0.75"
"tm_6846","eafc_1923","1.0"
"tm_9183","eafc_1719","1.0"
"tm_9464","eafc_6599","1.0"
"tm_5201","eafc_9233","1.0"
"tm_9302","eafc_9816","1.0"
"tm_9433","eafc_3854","1.0"
"tm_5343","eafc_7074","1.0"
"tm_9651","eafc_10757","1.0"
"tm_9543","eafc_9485","1.0"
"tm_9645","eafc_6033","1.0"
"tm_6591","eafc_3660","1.0"
"tm_6654","eafc_4929","1.0"
"tm_5453","eafc_6410","1.0"
"tm_5113","eafc_7297","1.0"
"tm_7103","eafc_2629","1.0"
"tm_5109","eafc_7922","1.0"
"tm_6561","eafc_5927","1.0"
"tm_6787","eafc_6364","1.0"
"tm_1610","eafc_4686","1.0"
"tm_4696","eafc_3922","1.0"
"tm_6644","eafc_5198","1.0"
"tm_5699","eafc_11197","1.0"
"tm_9283","eafc_9635","1.0"
"tm_9425","eafc_1379","1.0"
"tm_9229","eafc_2515","1.0"
"tm_9236","eafc_1685","1.0"
"tm_1583","eafc_6555","1.0"
"tm_5233","eafc_9139","1.0"
"tm_5015","eafc_7105","1.0"
"tm_7657","eafc_7622","1.0"
"tm_7300","eafc_7245","1.0"
"tm_9304","eafc_3987","1.0"
"tm_5394","eafc_7254","1.0"
"tm_2327","eafc_6674","1.0"
"tm_3763","eafc_3935","1.0"
"tm_5026","eafc_4784","1.0"
"tm_6507","eafc_7376","1.0"
"tm_6722","eafc_8157","1.0"
"tm_2988","eafc_11478","1.0"
"tm_5191","eafc_4896","1.0"
"tm_6599","eafc_3546","1.0"
"tm_6147","eafc_4685","1.0"
"tm_5346","eafc_1268","1.0"
"tm_6747","eafc_2279","1.0"
"tm_9363","eafc_10249","1.0"
"tm_7241","eafc_4650","1.0"
"tm_6792","eafc_8386","1.0"
"tm_4829","eafc_2673","1.0"
"tm_9525","eafc_3516","1.0"
"tm_2520","eafc_3510","1.0"
"tm_3046","eafc_11540","0.75"
"tm_10114","eafc_6935","1.0"
"tm_6745","eafc_2526","1.0"
"tm_6362","eafc_4690","1.0"
"tm_6610","eafc_3871","1.0"
"tm_3343","eafc_3447","1.0"
"tm_9220","eafc_1323","1.0"
"tm_6844","eafc_7495","1.0"
"tm_1593","eafc_10725","1.0"
"tm_4976","eafc_9574","1.0"
"tm_5037","eafc_10989","1.0"
"tm_5064","eafc_6436","1.0"
"tm_5379","eafc_3564","1.0"
"tm_9216","eafc_3552","1.0"
"tm_2570","eafc_2384","1.0"
"tm_5104","eafc_9553","1.0"
"tm_5243","eafc_9577","1.0"
"tm_6751","eafc_8838","1.0"
"tm_9694","eafc_7468","1.0"
"tm_7168","eafc_4450","1.0"
"tm_6091","eafc_9200","1.0"
"tm_6918","eafc_3970","1.0"
"tm_5070","eafc_1045","1.0"
"tm_6863","eafc_5762","1.0"
"tm_9546","eafc_9715","1.0"
"tm_9481","eafc_3452","1.0"
"tm_1055","eafc_6201","1.0"
"tm_2466","eafc_3931","1.0"
"tm_2303","eafc_2744","1.0"
"tm_9237","eafc_6699","1.0"
"tm_9267","eafc_7822","1.0"
"tm_7127","eafc_10011","1.0"
"tm_6791","eafc_1473","1.0"
"tm_6026","eafc_7911","1.0"
"tm_9670","eafc_3408","1.0"
"tm_9392","eafc_8872","1.0"
"tm_6709","eafc_7596","1.0"
"tm_6486","eafc_7996","1.0"
"tm_6547","eafc_2047","1.0"
"tm_5230","eafc_8888","1.0"
"tm_9376","eafc_5008","1.0"
"tm_5264","eafc_7449","1.0"
"tm_4986","eafc_4738","1.0"
"tm_9482","eafc_9710","1.0"
"tm_9318","eafc_10803","1.0"
"tm_6928","eafc_2321","1.0"
"tm_9487","eafc_7552","1.0"
"tm_5397","eafc_9665","1.0"
"tm_8619","eafc_5958","1.0"
"tm_6840","eafc_4456","1.0"
"tm_9486","eafc_1020","1.0"
"tm_6923","eafc_7268","1.0"
"tm_5391","eafc_1233","1.0"
"tm_9633","eafc_8685","1.0"
"tm_9683","eafc_4553","1.0"
"tm_7268","eafc_10128","1.0"
"tm_9622","eafc_8106","1.0"
"tm_9808","eafc_9661","1.0"
"tm_6772","eafc_4970","1.0"
"tm_7621","eafc_10359","1.0"
"tm_6549","eafc_1463","1.0"
"tm_9460","eafc_1376","1.0"
"tm_6582","eafc_1727","1.0"
"tm_6909","eafc_3304","1.0"
"tm_6578","eafc_10032","1.0"
"tm_6639","eafc_4407","1.0"
"tm_5281","eafc_7036","1.0"
"tm_9206","eafc_8158","1.0"
"tm_4445","eafc_4737","1.0"
"tm_1038","eafc_10089","1.0"
"tm_5251","eafc_6297","0.75"
"tm_5277","eafc_10236","1.0"
"tm_9541","eafc_6426","1.0"
"tm_5292","eafc_7893","1.0"
"tm_6624","eafc_6503","1.0"
"tm_9911","eafc_6300","1.0"
"tm_3541","eafc_6980","1.0"
"tm_9194","eafc_6265","1.0"
"tm_9466","eafc_9072","1.0"
"tm_5138","eafc_2183","1.0"
"tm_5030","eafc_9717","1.0"
"tm_2840","eafc_11317","1.0"
"tm_6766","eafc_8420","1.0"
"tm_5387","eafc_4378","1.0"
"tm_9282","eafc_6139","1.0"
"tm_6848","eafc_7230","1.0"
"tm_5349","eafc_10479","1.0"
"tm_9709","eafc_3422","1.0"
"tm_2933","eafc_11300","1.0"
"tm_6628","eafc_1205","1.0"
"tm_9406","eafc_6450","1.0"
"tm_9468","eafc_3951","1.0"
"tm_5876","eafc_5875","1.0"
"tm_9711","eafc_8488","1.0"
"tm_6566","eafc_3955","1.0"
"tm_6525","eafc_1794","1.0"
"tm_2155","eafc_8149","1.0"
"tm_9253","eafc_2400","1.0"
"tm_6940","eafc_6614","1.0"
"tm_9262","eafc_5837","1.0"
"tm_5022","eafc_9145","1.0"
"tm_6754","eafc_2510","1.0"
"tm_2128","eafc_1713","1.0"
"tm_6693","eafc_8096","1.0"
"tm_5072","eafc_1616","1.0"
"tm_5023","eafc_7607","1.0"
"tm_4854","eafc_7450","1.0"
"tm_9424","eafc_4777","1.0"
"tm_9516","eafc_3236","1.0"
"tm_7243","eafc_3681","1.0"
"tm_7480","eafc_9877","0.75"
"tm_3209","eafc_11641","1.0"
"tm_6970","eafc_5616","1.0"
"tm_5059","eafc_2476","1.0"
"tm_6983","eafc_9097","1.0"
"tm_6734","eafc_6018","1.0"
"tm_9518","eafc_5691","1.0"
"tm_9287","eafc_6607","1.0"
"tm_6604","eafc_10035","1.0"
"tm_1588","eafc_9114","1.0"
"tm_5130","eafc_6268","1.0"
"tm_4320","eafc_11255","1.0"
"tm_4229","eafc_9664","1.0"
"tm_5418","eafc_10693","1.0"
"tm_9661","eafc_5091","1.0"
"tm_9657","eafc_4897","1.0"
"tm_5442","eafc_1788","1.0"
"tm_9473","eafc_1780","1.0"
"tm_6881","eafc_4972","1.0"
"tm_9490","eafc_3296","1.0"
"tm_6681","eafc_1606","1.0"
"tm_5137","eafc_7091","1.0"
"tm_6656","eafc_2202","1.0"
"tm_2554","eafc_3437","1.0"
"tm_5436","eafc_5540","1.0"
"tm_5440","eafc_10666","1.0"
"tm_5076","eafc_9870","1.0"
"tm_5036","eafc_2023","1.0"
"tm_9195","eafc_7216","1.0"
"tm_5021","eafc_8294","1.0"
"tm_9576","eafc_10228","1.0"
"tm_5351","eafc_2702","1.0"
"tm_8379","eafc_9611","1.0"
"tm_6916","eafc_2492","1.0"
"tm_5209","eafc_2999","1.0"
"tm_3740","eafc_1611","1.0"
"tm_9476","eafc_1267","1.0"
"tm_4413","eafc_8475","1.0"
"tm_3522","eafc_10951","1.0"
"tm_5067","eafc_7480","1.0"
"tm_6985","eafc_6954","1.0"
"tm_9529","eafc_4775","1.0"
"tm_4768","eafc_3979","1.0"
"tm_6913","eafc_10866","1.0"
"tm_9297","eafc_7861","1.0"
"tm_3422","eafc_5017","1.0"
"tm_6899","eafc_1056","1.0"
"tm_2924","eafc_11292","1.0"
"tm_5313","eafc_9774","1.0"
"tm_1279","eafc_4734","1.0"
"tm_7208","eafc_2957","1.0"
"tm_9181","eafc_8098","1.0"
"tm_7464","eafc_5585","1.0"
"tm_5088","eafc_7022","1.0"
"tm_9305","eafc_5764","1.0"
"tm_9536","eafc_7543","0.75"
"tm_5675","eafc_9572","1.0"
"tm_5035","eafc_7126","1.0"
"tm_9258","eafc_4831","1.0"
"tm_5367","eafc_7232","1.0"
"tm_5257","eafc_10817","1.0"
"tm_5446","eafc_2839","1.0"
"tm_9567","eafc_10426","1.0"
"tm_9368","eafc_6059","1.0"
"tm_6748","eafc_10262","1.0"
"tm_9628","eafc_8486","1.0"
"tm_2916","eafc_11477","1.0"
"tm_7433","eafc_2302","1.0"
"tm_9679","eafc_5730","1.0"
"tm_6809","eafc_3403","1.0"
"tm_6039","eafc_1417","1.0"
"tm_9477","eafc_6164","1.0"
"tm_5366","eafc_9360","1.0"
"tm_9566","eafc_9487","1.0"
"tm_1601","eafc_10271","1.0"
"tm_9381","eafc_3916","1.0"
"tm_9564","eafc_11077","1.0"
"tm_7896","eafc_6482","1.0"
"tm_9638","eafc_9010","1.0"
"tm_7593","eafc_6848","1.0"
"tm_6857","eafc_1707","1.0"
"tm_2846","eafc_11638","1.0"
"tm_7409","eafc_9013","1.0"
"tm_5132","eafc_7933","1.0"
"tm_5282","eafc_6682","1.0"
"tm_4642","eafc_2433","1.0"
"tm_5325","eafc_8588","1.0"
"tm_3438","eafc_1919","1.0"
"tm_9578","eafc_7332","1.0"
"tm_9385","eafc_5307","1.0"
"tm_8712","eafc_4654","1.0"
"tm_2100","eafc_4803","1.0"
"tm_9246","eafc_6375","1.0"
"tm_6671","eafc_8769","1.0"
"tm_6570","eafc_4401","1.0"
"tm_5144","eafc_2854","1.0"
"tm_9668","eafc_10443","1.0"
"tm_6348","eafc_4309","1.0"
"tm_6934","eafc_1266","1.0"
"tm_4201","eafc_7506","1.0"
"tm_9706","eafc_8997","1.0"
"tm_6727","eafc_6746","1.0"
"tm_5298","eafc_10459","1.0"
"tm_9362","eafc_7451","1.0"
"tm_5043","eafc_8349","1.0"
"tm_5199","eafc_1000","1.0"
"tm_6594","eafc_6592","1.0"
"tm_6903","eafc_2438","1.0"
"tm_7362","eafc_1556","1.0"
"tm_5396","eafc_3213","1.0"
"tm_9285","eafc_5785","1.0"
"tm_6752","eafc_7986","1.0"
"tm_9378","eafc_10264","1.0"
"tm_9187","eafc_11174","1.0"
"tm_5099","eafc_8478","1.0"
"tm_6996","eafc_1631","1.0"
"tm_9589","eafc_6489","1.0"
"tm_7442","eafc_2659","1.0"
"tm_3171","eafc_11674","1.0"
"tm_6602","eafc_4961","1.0"
"tm_5483","eafc_4692","1.0"
"tm_10552","eafc_3089","1.0"
"tm_9637","eafc_8937","1.0"
"tm_3417","eafc_1061","1.0"
"tm_5025","eafc_6666","1.0"
"tm_6926","eafc_4365","1.0"
"tm_8981","eafc_8017","1.0"
"tm_6339","eafc_2217","1.0"
"tm_6981","eafc_6576","1.0"
"tm_9292","eafc_5794","1.0"
"tm_4588","eafc_2781","1.0"
"tm_5196","eafc_6987","1.0"
"tm_2517","eafc_6014","1.0"
"tm_9332","eafc_9000","1.0"
"tm_4549","eafc_1015","1.0"
"tm_6575","eafc_3652","1.0"
"tm_6871","eafc_5911","1.0"
"tm_9577","eafc_7124","1.0"
"tm_2594","eafc_1597","1.0"
"tm_3445","eafc_2377","1.0"
"tm_6683","eafc_2848","1.0"
"tm_6686","eafc_6110","1.0"
"tm_1555","eafc_1343","1.0"
"tm_2140","eafc_4965","1.0"
"tm_8804","eafc_6452","1.0"
"tm_5330","eafc_5170","1.0"
"tm_5331","eafc_8487","1.0"
"tm_6849","eafc_1650","1.0"
"tm_5094","eafc_6793","1.0"
"tm_6947","eafc_6885","1.0"
"tm_5053","eafc_2929","1.0"
"tm_2279","eafc_6148","1.0"
"tm_5369","eafc_6911","1.0"
"tm_5074","eafc_2742","1.0"
"tm_9539","eafc_10530","1.0"
"tm_1128","eafc_6682","1.0"
"tm_7214","eafc_5040","1.0"
"tm_9604","eafc_6796","1.0"
"tm_7098","eafc_1758","1.0"
"tm_5386","eafc_1037","1.0"
"tm_9596","eafc_2555","1.0"
"tm_9815","eafc_7234","1.0"
"tm_5384","eafc_7510","1.0"
"tm_5517","eafc_3719","1.0"
"tm_1128","eafc_8503","1.0"
"tm_9528","eafc_4435","1.0"
"tm_2898","eafc_11666","1.0"
"tm_7258","eafc_11205","1.0"
"tm_9678","eafc_5282","1.0"
"tm_5471","eafc_2250","1.0"
"tm_6069","eafc_4300","1.0"
"tm_5079","eafc_5425","1.0"
"tm_7010","eafc_5525","1.0"
"tm_9570","eafc_8448","1.0"
"tm_9268","eafc_2853","1.0"
"tm_9747","eafc_9966","1.0"
"tm_9474","eafc_1683","1.0"
"tm_5203","eafc_7948","1.0"
"tm_3531","eafc_8893","1.0"
"tm_3011","eafc_11584","1.0"
"tm_5315","eafc_8589","1.0"
"tm_2401","eafc_2107","1.0"
"tm_6636","eafc_1924","1.0"
"tm_9568","eafc_4340","1.0"
"tm_9597","eafc_9456","1.0"
"tm_3386","eafc_1865","1.0"
"tm_6813","eafc_4789","1.0"
"tm_5664","eafc_2294","1.0"
"tm_2934","eafc_11335","1.0"
"tm_5173","eafc_7808","1.0"
"tm_5270","eafc_11243","1.0"
"tm_9653","eafc_1869","1.0"
"tm_9330","eafc_9990","1.0"
"tm_5268","eafc_7088","1.0"
"tm_9278","eafc_4764","1.0"
"tm_5254","eafc_8785","1.0"
"tm_9423","eafc_7374","1.0"
"tm_4401","eafc_5333","1.0"
"tm_8839","eafc_8759","1.0"
"tm_4494","eafc_4649","1.0"
"tm_9405","eafc_5714","1.0"
"tm_6802","eafc_9633","1.0"
"tm_9534","eafc_5368","1.0"
"tm_6535","eafc_3266","1.0"
"tm_5417","eafc_2721","1.0"
"tm_7020","eafc_7267","1.0"
"tm_9331","eafc_7541","1.0"
"tm_5437","eafc_7215","1.0"
"tm_6854","eafc_1930","1.0"
"tm_5122","eafc_8604","1.0"
"tm_7118","eafc_1569","1.0"
"tm_8710","eafc_9078","1.0"
"tm_9403","eafc_9409","1.0"
"tm_5731","eafc_10091","1.0"
"tm_9695","eafc_9168","1.0"
"tm_7480","eafc_6303","1.0"
"tm_5057","eafc_5850","1.0"
"tm_6527","eafc_6570","1.0"
"tm_6816","eafc_3091","1.0"
"tm_6703","eafc_8725","1.0"
"tm_5127","eafc_2663","1.0"
"tm_9450","eafc_3812","1.0"
"tm_4795","eafc_1566","1.0"
"tm_9284","eafc_7579","1.0"
"tm_5259","eafc_9525","1.0"
"tm_5361","eafc_3566","1.0"
"tm_6860","eafc_8401","1.0"
"tm_7655","eafc_6231","1.0"
"tm_9411","eafc_2272","1.0"
"tm_9437","eafc_1018","1.0"
"tm_6785","eafc_1558","1.0"
"tm_4417","eafc_4613","1.0"
"tm_6744","eafc_5291","1.0"
"tm_5348","eafc_4592","1.0"
"tm_5554","eafc_7016","1.0"
"tm_5340","eafc_9470","1.0"
"tm_1172","eafc_4303","1.0"
"tm_5412","eafc_5017","1.0"
"tm_9435","eafc_3899","1.0"
"tm_9509","eafc_3384","1.0"
"tm_2043","eafc_9550","1.0"
"tm_4412","eafc_2367","1.0"
"tm_5263","eafc_1225","1.0"
"tm_5381","eafc_7692","1.0"
"tm_7766","eafc_4741","1.0"
"tm_5360","eafc_8172","1.0"
"tm_6131","eafc_1342","1.0"
"tm_9208","eafc_5115","1.0"
"tm_1639","eafc_10925","1.0"
"tm_5282","eafc_8503","1.0"
"tm_6552","eafc_1718","1.0"
"tm_6786","eafc_8903","1.0"
"tm_5375","eafc_1169","1.0"
"tm_6129","eafc_1870","1.0"
"tm_5458","eafc_5545","1.0"
"tm_5439","eafc_2782","1.0"
"tm_6111","eafc_2168","1.0"
"tm_1473","eafc_9068","1.0"
"tm_3378","eafc_7931","1.0"
"tm_2192","eafc_7325","1.0"
"tm_9609","eafc_1461","1.0"
"tm_9649","eafc_8489","1.0"
"tm_9311","eafc_1024","1.0"
"tm_5338","eafc_9719","1.0"
"tm_5158","eafc_6845","1.0"
"tm_5193","eafc_8740","1.0"
"tm_9549","eafc_9042","1.0"
"tm_5051","eafc_9082","1.0"
"tm_6994","eafc_5695","1.0"
"tm_6874","eafc_9967","1.0"
"tm_5170","eafc_9875","1.0"
"tm_6275","eafc_5601","1.0"
"tm_6035","eafc_2897","1.0"
"tm_6855","eafc_6242","1.0"
"tm_5960","eafc_2052","1.0"
"tm_6730","eafc_8876","1.0"
"tm_5457","eafc_10662","1.0"
"tm_9644","eafc_8490","1.0"
"tm_9315","eafc_4719","1.0"
"tm_7055","eafc_3853","1.0"
"tm_2569","eafc_2688","1.0"
"tm_5239","eafc_3033","1.0"
"tm_5925","eafc_7639","1.0"
"tm_6517","eafc_8235","1.0"
"tm_9277","eafc_4676","1.0"
"tm_7462","eafc_5331","1.0"
"tm_7753","eafc_11172","1.0"
"tm_5250","eafc_2557","1.0"
"tm_3097","eafc_11281","1.0"
"tm_4664","eafc_6581","1.0"
"tm_6554","eafc_8877","1.0"
"tm_5117","eafc_5557","1.0"
"tm_5609","eafc_1818","1.0"
"tm_7185","eafc_6758","1.0"
"tm_7048","eafc_7658","1.0"
"tm_4570","eafc_5851","1.0"
"tm_9357","eafc_5894","1.0"
"tm_9404","eafc_9407","1.0"
"tm_7187","eafc_3336","1.0"
"tm_10663","eafc_6673","1.0"
"tm_2283","eafc_3688","1.0"
"tm_9627","eafc_8836","1.0"
"tm_6900","eafc_4504","1.0"
"tm_7438","eafc_2784","1.0"
"tm_7261","eafc_7005","1.0"
"tm_6861","eafc_5813","1.0"
"tm_6648","eafc_2124","1.0"
"tm_9677","eafc_5761","1.0"
"tm_9354","eafc_10189","1.0"
"tm_5467","eafc_8005","1.0"
"tm_3636","eafc_2965","1.0"
"tm_7204","eafc_3025","1.0"
"tm_9348","eafc_7075","1.0"
"tm_4978","eafc_9585","1.0"
"tm_5163","eafc_9866","1.0"
